# Data downloaded from the Kansas Mesonet mesonet.k-state.edu,,,,,,,,,,,
TIMESTAMP,PRESSUREAVG,TEMP2MMIN,TEMP2MMAX,RELHUM2MMAX,RELHUM2MMIN,PRECIP,SR,WSPD2MAVG,WDIR2M,SOILTMP5AVG,VWC5CM
1/1/2019,97.27,-9.77,2.76,90.74,67.15,0,2.14,3.62,273.2,-0.14,0.3034
1/2/2019,99.05,-11.67,-7.85,77.15,62.65,0,3.74,2.82,299.05,-1.27,0.1902
1/3/2019,98.33,-7.85,3.03,86.36,35.25,0,11.57,2.85,197.42,-1.03,0.1744
1/4/2019,97.85,-8.4,10.1,91.93,29.42,0,11.39,1.19,207.17,-0.98,0.1759
1/5/2019,97.41,-7.03,12.61,94.53,38.16,0,11.3,1.47,204.87,-0.64,0.1829
1/6/2019,97.75,-3.64,17.44,96.65,33.22,0,11.52,0.94,211.48,-0.23,0.1975
1/7/2019,96.99,1.41,16.23,89.76,41.62,0,5.56,3.89,138.21,0.16,0.2216
1/8/2019,96.98,0.57,14.54,90.85,37,0,9.1,3.34,207.97,3.5,0.3854
1/9/2019,98.74,-0.63,10.24,77.39,22.66,0,12.01,4.13,266.85,2.48,0.3849
1/10/2019,99.41,-4.85,4.98,84.24,19.73,0,11.25,1.84,269.77,0.94,0.3768
1/11/2019,98.55,-4.85,8.87,83.42,33.31,0,10.75,2.02,98.89,0.73,0.3739
1/12/2019,97.96,-0.29,3.87,99.93,53.7,7.11,1.44,1.6,57.27,1.02,0.3937
1/13/2019,98.22,-1.11,-0.08,100,81.88,2.03,4.93,4.23,344.68,1.13,0.4166
1/14/2019,99.17,-2.54,-1.04,92.82,85.03,2.79,4.12,2.49,324.67,1.19,0.4151
1/15/2019,98.92,-3.91,0.66,99.78,91.15,3.81,4.31,2.96,194.1,1.09,0.4135
1/16/2019,98.36,-2,0.66,100,95.53,0,4.58,2.68,190.97,1.22,0.4154
1/17/2019,98.22,-2.54,-0.29,100,96.38,0,1.55,2.72,35.74,1.06,0.4169
1/18/2019,98.13,-1.79,0.72,99.25,88.89,1.02,2.82,1.9,286.74,1.35,0.4201
1/19/2019,97.44,-6.63,2.35,99.86,87.66,6.1,0.84,4.6,44.01,1.31,0.4232
1/20/2019,98.61,-12.7,-6.56,88.75,57.25,0,11.75,5.18,307.93,0.29,0.422
1/21/2019,98.58,-14.06,-1.74,88.02,58.51,2.03,10.82,2.56,95.89,-0.07,0.3812
1/22/2019,97.5,-8.54,3.17,85.49,66.71,0,5.74,4.12,80.28,-0.27,0.2427
1/23/2019,97.31,-7.99,3.17,99.81,68.72,1.78,0.86,2.74,342.35,-0.13,0.2367
1/24/2019,97.84,-11.74,-0.91,96.99,63.39,2.54,13.89,1.6,223.93,-0.24,0.2309
1/25/2019,98.52,-15.56,-1.04,96.79,42.79,0.51,12.19,2.95,278.03,-0.41,0.214
1/26/2019,98.41,-15.97,4.54,94.22,57.04,0,11.07,2.74,200.31,-0.88,0.1805
1/27/2019,97.99,-6.49,6.55,96.31,55.36,0,11.68,2.07,222.88,-0.6,0.1863
1/28/2019,97.42,-3.36,9.42,93.23,44.99,0,9.48,2.65,154.54,-0.1,0.2098
1/29/2019,97.89,-7.99,7.37,84.13,41.83,1.52,8.49,5.45,292.86,-0.05,0.228
1/30/2019,98.47,-12.43,-0.77,90.29,38.99,0,9.67,2.73,293.76,-0.54,0.2052
1/31/2019,98.85,-18.23,-12.16,72.14,40.49,0,10.04,3.29,42.75,-3.03,0.1554
2/1/2019,98.09,-13.85,3.51,90.39,44.95,0,12.7,2.15,131.85,-2.69,0.155
2/2/2019,98.11,-8.67,12.68,95.9,33.57,0,14.51,1.28,164.3,-1.36,0.1672
2/3/2019,97.47,5.36,15.89,99.83,69.46,0,6.54,3.16,167.28,-0.05,0.1961
2/4/2019,96.5,12.29,20.69,90.38,51.69,0,10.32,4.48,161.3,3.42,0.3952
2/5/2019,97.48,-7.58,13.24,99.11,49.86,0,12.94,4.63,333.12,1.28,0.419
2/6/2019,97.78,-8.95,-6.09,89.06,70.18,0,3.18,3.17,3.33,0.1,0.3839
2/7/2019,97.62,-9.08,-6.15,94.66,78.93,0,2.15,3.66,0,-0.25,0.2946
2/8/2019,98.52,-13.85,-8.27,87.41,43.83,0,14.85,5.32,283.35,-1.57,0.159
2/9/2019,NaN,NaN,NaN,NaN,NaN,NaN,NaN,NaN,NaN,NaN,NaN
2/10/2019,NaN,NaN,NaN,NaN,NaN,NaN,NaN,NaN,NaN,NaN,NaN
2/11/2019,NaN,NaN,NaN,NaN,NaN,NaN,NaN,NaN,NaN,NaN,NaN
2/12/2019,97.32,-2,0.79,99.96,87.08,2.79,1.49,3.43,30.65,-0.15,0.1786
2/13/2019,98.1,-4.05,3.51,90.98,47.27,0,16.41,3.18,245.53,-0.12,0.1897
2/14/2019,97.27,-4.99,10.65,94.91,42.46,0,11.38,2.01,153.23,-0.13,0.1943
2/15/2019,96.79,-5.95,10.65,97.06,44.64,0,15.61,3.84,289.65,-0.05,0.2017
2/16/2019,98.03,-11.4,-5.74,88.33,50.34,0,4.43,4.04,6.13,-0.19,0.1962
2/17/2019,97.49,-12.08,-4.73,96.34,63.29,0.76,9.16,2.59,28.65,-0.29,0.184
2/18/2019,97.69,-9.76,-3.98,95.32,57.42,0.76,15.44,3.94,263.51,-0.28,0.1849
2/19/2019,99.25,-14.26,-4.18,86.74,60.77,1.78,14.32,2.36,322.01,-0.46,0.1796
2/20/2019,98.64,-10.3,-2.06,95.97,65.76,0,6.17,3.57,46.63,-0.52,0.1766
2/21/2019,97.24,-4.03,2.21,96.92,48.91,2.54,16.51,3.26,189.49,-0.29,0.181
2/22/2019,98.11,-9.9,5.08,96.31,39.96,0,11.97,2.67,72.14,-0.49,0.1772
2/23/2019,98.08,-4.44,3.92,99.96,65.51,1.27,11.63,2.74,53.62,-0.22,0.1825
2/24/2019,96.87,-3.02,1.74,99.96,71.77,20.57,1.79,4.1,342.54,-0.1,0.1992
2/25/2019,98.8,-8.54,-2.34,75.38,47.29,1.02,18.44,3.64,282.49,-0.06,0.2103
2/26/2019,98.77,-10.44,1.8,80.3,61.95,0,19,4.68,31.79,-0.62,0.1839
2/27/2019,98.62,-11.4,-7.45,94.66,69.02,0,6.64,3.11,343.6,-1.63,0.1604
2/28/2019,98.84,-11.88,-7.45,94.12,59.08,0,10.54,4.23,326.86,-2.69,0.1502
3/1/2019,98.44,-12.08,-1.54,78.93,39.34,0,12.93,2.06,346.6,-2.57,0.1481
3/2/2019,98.18,-8.87,3.63,81.88,57.01,0,13.33,1.9,4.77,-1.45,0.1572
3/3/2019,98.83,-8.27,-2.75,81.37,55.9,0,17.06,4.97,352.69,-0.87,0.1644
3/4/2019,99.33,-17.13,-8.13,89.94,40.22,0,21.27,4.8,319.68,-1.99,0.1514
3/5/2019,99.22,-19.24,-9.23,68.47,38.97,0,22.17,3.17,242.14,-2.1,0.1496
3/6/2019,99.21,-14.94,-5.41,88.19,44.25,0.51,22.08,3.33,244.23,-2.06,0.1494
3/7/2019,98.75,-14.94,2.49,89.69,37.64,0,14.6,2.05,108.93,-2.01,0.1504
3/8/2019,97.85,-2.27,6.35,79.81,50.59,0,15.78,3.94,50.64,-0.86,0.1603
3/9/2019,97.48,-1.04,3.85,98.5,76.12,0,4.95,2.16,49.8,-0.21,0.1772
3/10/2019,96.38,-0.15,8.87,99.8,58.06,5.33,4.49,4.76,295.71,-0.02,0.1983
3/11/2019,98.49,-1.86,6.14,84.21,36.18,0,18.03,1.91,318.15,0.49,0.2995
3/12/2019,98.83,-3.76,11.33,92.55,36.38,0,21.78,1.36,53.03,1.39,0.4215
3/13/2019,97.64,4.81,12.83,97.47,68.17,9.4,4.63,3.64,134.13,4.07,0.421
3/14/2019,95.34,7.99,17.72,97.75,50.51,9.4,13.26,6.99,129.51,9.34,0.4289
3/15/2019,96.6,1.39,7.99,91.12,61.07,1.02,4.4,7.23,245.45,4.59,0.4174
3/16/2019,98.85,-2.68,9.01,86.12,24.23,0,22.9,3.67,265.63,3.44,0.4093
3/17/2019,98.92,-3.9,15.48,92.31,19.92,0,23.28,2.8,249.13,4.21,0.4021
3/18/2019,98.9,-3.5,14.25,94.89,22.24,0,23.31,1.08,50.54,5.6,0.3982
3/19/2019,98.98,1.27,12.13,81.33,32.55,0,21.92,1.82,34.23,6.77,0.3948
3/20/2019,98.39,3.85,13.58,96.78,40.56,7.37,6.33,2.63,13.21,6.62,0.4
3/21/2019,98.26,4.26,15.88,94.67,24.91,0,23.05,3.76,264.88,7.58,0.4096
3/22/2019,98.44,-0.22,16.08,95.56,24.56,0,24.52,1.48,265.12,7.69,0.4005
3/23/2019,98.25,-1.59,19.26,95.08,21.68,0,21.06,1.27,51.92,8.38,0.3947
3/24/2019,97.73,8.74,17.43,94.2,46.55,1.78,14.23,3.38,116.29,10.09,0.3926
3/25/2019,97.77,7.37,13.5,93.11,64.08,0,9.16,3.84,253.83,10,0.392
3/26/2019,98.66,3.31,14.32,95.63,44.49,0,15.08,2.76,340.56,10.08,0.3886
3/27/2019,98.72,2.35,19.32,97.61,37.64,0,19.52,2,156.04,10.29,0.3842
3/28/2019,97.86,9.69,22.73,69.35,41.12,0,16.6,5.71,168.44,11.43,0.3805
3/29/2019,97.75,7.51,15.34,97.34,59.91,8.64,2.15,2.69,40.1,10.68,0.3889
3/30/2019,97.64,2.49,8.33,97.81,80.19,14.73,1.49,4.92,13.61,8.09,0.4196
3/31/2019,98.5,-0.9,5.47,97.17,32.91,3.81,19.9,5.13,312.04,5.87,0.4417
4/1/2019,99.06,-5.06,9.62,90.05,30.38,0,26.37,1.11,179.87,6.21,0.4331
4/2/2019,98.24,-0.08,14.59,81.2,23.75,0,24.34,2.97,177.71,7.38,0.4159
4/3/2019,98.05,2.42,13.77,88.93,33.16,0,17.1,1.9,130.28,8.38,0.4071
4/4/2019,97.85,7.99,19.8,74.61,32.25,0,13.61,3.81,100.65,9.92,0.4055
4/5/2019,97.81,9.42,18.92,91.26,51.14,0,16.42,1.77,82.85,12.38,0.4036
4/6/2019,97.73,5.63,23.83,99.86,37.64,0,23.86,2.5,143.26,13.05,0.3992
4/7/2019,97.31,12.29,25.05,98.98,38.19,6.86,18.32,2.98,140.95,14.5,0.3954
4/8/2019,97.38,8.94,22.94,99.86,32.94,0.25,23.33,2.96,229.98,14.9,0.4011
4/9/2019,97.59,5.63,28.12,97.4,19.64,0,27.01,2.25,214.15,14.52,0.3958
4/10/2019,97.18,8.46,26.35,88.6,30.14,0,21.5,2.69,99.24,15.19,0.3883
4/11/2019,95.66,13.63,30.22,74.66,21.06,0,18.62,3.68,112.89,16.28,0.3785
4/12/2019,96.01,0.46,22.71,91.94,42.9,0,10.08,7.13,216.29,11.39,0.3596
4/13/2019,97.49,-1.04,12.01,79.97,25.53,0,28.54,5.16,238.4,8.64,0.3461
4/14/2019,97.99,-2.54,13.22,93.92,25.32,0,20.8,3.35,0,9.37,0.3374
4/15/2019,97.36,0.86,15.82,78.73,27.36,0,28.13,2.36,282.97,11.17,0.3308
4/16/2019,96.97,8.06,26.14,69.15,27.68,0,26.21,3.32,163.47,14.11,0.3221
4/17/2019,96.9,12.29,28.04,81.84,29.39,0,26.79,3.4,156.75,17.1,0.3113
4/18/2019,96.73,12.15,25.6,78.33,40.3,0,15.61,4.15,192.74,18.16,0.2998
4/19/2019,97.41,7.92,17.99,81.37,30.43,0,22.5,4.77,314.49,15.02,0.2839
4/20/2019,97.91,4.81,18.51,81.83,20.19,0,29.43,3.18,306.74,14.2,0.2726
4/21/2019,97.32,2.36,28.32,90.67,20.05,0,28.99,3.26,172.29,15.63,0.2647
4/22/2019,96.85,16.36,29.67,76.53,32.32,1.78,26.12,6.13,161.8,18.74,0.2588
4/23/2019,97.68,11.47,20.28,88.02,53.67,2.54,17.8,3.5,270.57,17.41,0.2492
4/24/2019,97.99,9.56,12.63,94.88,69.49,1.02,5.42,2.09,3.87,14.2,0.2403
4/25/2019,97.38,8.81,22.73,99.8,39.96,0.25,24.72,1.01,201.13,16.33,0.2423
4/26/2019,97.46,6.3,21.03,99.86,27.82,0,17.61,3.1,284.23,14.85,0.2382
4/27/2019,97.89,3.51,23.83,93.58,19.84,0,27.58,2.23,140.38,15.72,0.2375
4/28/2019,97.13,6.58,20.31,68.43,39.71,0,29.74,6.38,280.07,16.2,0.2362
4/29/2019,97.5,4.6,15.95,92.29,40.05,2.03,24.61,4.47,62.2,15.38,0.2313
4/30/2019,97.71,10.1,15.95,98.23,39.44,13.72,20.06,3.63,351.96,15.27,0.2322
5/1/2019,97.52,7.45,12.83,99.73,53.86,27.43,2.13,3.01,354.2,12.46,0.3195
5/2/2019,97.68,9.76,13.97,99.86,77.93,0.25,8.09,2.27,332.56,13.34,0.44462
5/3/2019,98.15,7.25,17.03,94.68,45.64,4.57,27.98,2.67,7.14,14.79,0.44196
5/4/2019,97.82,8.6,16.91,98.98,66.87,2.03,12.13,1.66,49.57,15.18,0.43234
5/5/2019,97.62,6.96,21.23,99.95,47.19,0.25,24.51,1.22,156.92,16.49,0.42237
5/6/2019,97.21,10.31,25.67,98.47,44.6,17.27,27.32,3.08,154.32,17.78,0.41582
5/7/2019,97.53,10.58,23.83,99.76,58.23,19.81,20.11,2.67,35.37,17.68,0.45326
5/8/2019,97.75,12.95,16.43,99.37,91.44,42.67,3.83,2.83,35.96,16.27,0.45439
5/9/2019,96.74,8.74,21.23,99.22,59.87,68.07,15.75,3.71,276.62,17.4,0.45423
5/10/2019,97.84,5.36,11.74,85.26,56.45,0,8.85,3.75,323.44,12.52,0.44881
5/11/2019,98.28,5.08,16.09,97.95,39.71,0,21.49,1.17,21.76,14.3,0.4433
5/12/2019,97.58,9.83,16.36,93.99,48.99,4.32,15.59,1.32,124.28,15.58,0.43278
5/13/2019,97.26,8.46,17.59,99.52,44,10.92,22.73,2.16,241.4,15.46,0.45261
5/14/2019,97.51,5.77,23.42,99.86,34.71,0,31.37,1.5,125.51,17.23,0.44607
5/15/2019,97.34,11.6,29.6,95.8,36.67,0,30.41,1.48,171.83,19.94,0.43345
5/16/2019,97.37,14.12,30.29,99.86,33.61,0,19.81,1.7,120.96,20.82,0.42614
5/17/2019,96.99,18.95,32.47,82.97,29.25,0,30.02,4.49,173.75,21.95,0.41701
5/18/2019,96.64,20.3,29.75,77.09,43.91,0,25.84,4.82,158.11,22.21,0.39999
5/19/2019,96.48,13.16,22.67,97.8,61.51,49.02,5.93,2.77,73.53,19.79,0.42357
5/20/2019,97.31,11.13,18.33,94.95,42.64,2.03,26.46,3.63,273.4,17.98,0.45444
5/21/2019,97.65,7.92,11.19,96.45,62.18,30.99,3.87,3.88,35.1,14.55,0.4476
5/22/2019,96.13,9.42,20.25,97.95,46.8,16.76,7.32,4.42,85.08,13.69,0.44798
5/23/2019,96.9,7.72,21.78,96.93,40.91,0,32.39,2.8,199.19,16.22,0.4489
5/24/2019,97.76,9.76,23.35,99.11,44.87,0.76,17.96,2.43,68.43,18.61,0.44328
5/25/2019,97.35,17.93,25.39,99.08,67.1,4.57,17.71,2.73,168.78,21.01,0.45129
5/26/2019,97.57,17.04,25.05,97.03,71.26,11.18,10.89,2.4,164.56,20.71,0.45608
5/27/2019,97.7,15.14,25.6,99.83,53.87,0.51,24.96,1.72,110.12,22.3,0.46107
5/28/2019,96.89,16.19,28.73,97.49,54.96,12.7,20.56,2.94,166.77,22.72,0.46015
5/29/2019,96.4,16.36,27.23,98.94,60.28,8.64,9.19,2.62,153.18,22.26,0.458
5/30/2019,97.05,13.24,20.55,99.83,53.87,0,21.54,2.74,256.37,20.5,0.45591
5/31/2019,97.34,11.54,26.01,96.1,30.75,0,29.72,2.54,217.94,20.28,0.44715
6/1/2019,97.65,11.74,27.1,99.11,33.41,0,23.47,0.72,167.38,21.32,0.43683
6/2/2019,97.41,15.28,29.8,95.47,34.43,0,31.37,1.75,290.56,23.03,0.43143
6/3/2019,97.76,15.35,26.14,84.37,33.82,0,30.77,1.59,54.03,23.77,0.42115
6/4/2019,97.54,16.5,29.53,87.28,48.95,0,27.38,1.98,114.22,24.39,0.40832
6/5/2019,97.16,21.03,31.72,94.24,42.27,0,28.09,2.21,172.33,25.35,0.39224
6/6/2019,97.07,19.77,31.42,91.65,37.21,0,25.28,1.66,197.28,25.38,0.373
6/7/2019,97.22,18.14,28.98,94.71,42.4,3.56,26.27,1.45,71.98,25.81,0.35726
6/8/2019,97.3,15.82,30.76,99.29,34.56,0,30.52,1.17,83.91,25.93,0.34432
6/9/2019,97.35,16.5,31.03,96.21,36.68,0,30.11,1.34,115.28,26.15,0.33079
6/10/2019,98.21,13.11,22,96.14,46.71,1.52,18.7,3.81,304.04,23.36,0.31435
6/11/2019,98.84,8.46,26.21,95.77,20.32,0,33.91,1.15,236.58,21.98,0.30748
6/12/2019,98.1,10.1,26.28,95.8,28.09,6.35,24.48,2.09,154.75,21.81,0.30248
6/13/2019,97.92,10.72,23.89,96.45,24.89,1.27,30.16,3.12,282.09,20.57,0.29559
6/14/2019,97.98,8.22,26.96,97.54,25.09,0,31.82,2.08,164.81,20.92,0.29618
6/15/2019,97.13,15.13,29.35,89.12,45.71,1.78,24.65,4.84,159.68,21.86,0.2969
6/16/2019,96.93,18.41,31.31,92.53,38.24,0,27.31,3.22,202.18,23.92,0.30105
6/17/2019,97.31,17.32,29.94,96.49,26.72,0,28.26,1.47,340.6,24.16,0.30002
6/18/2019,97.53,15.54,30.08,96.91,32.86,0,28.46,1.2,90,24.8,0.29866
6/19/2019,97.41,17.11,27.85,97.58,54.82,17.53,11.13,1.47,50.26,23.04,0.29297
6/20/2019,96.99,17.32,24.58,98.81,53.46,0,18.65,1.53,279.92,22.74,0.29404
6/21/2019,96.86,16.02,32.46,99.22,45.88,0.51,27.8,2.24,156.53,24.06,0.29798
6/22/2019,96.71,17.05,28.19,98.33,58.37,18.29,19.46,3.37,52.68,24.45,0.38363
6/23/2019,97.14,18.27,28.86,97.03,52.5,30.99,17.68,2.7,62.07,24.37,0.4403
6/24/2019,97.08,16.64,25.8,97.3,54.14,55.88,24.13,3.36,216.73,22.88,0.46181
6/25/2019,97.23,13.79,27.17,92.97,35.87,0,32.95,2.97,205.13,23.02,0.44666
6/26/2019,97.48,16.6,32.53,93.62,34.62,7.37,30.75,2.73,158.76,24.22,0.43533
6/27/2019,97.84,17.59,30.49,93.21,51.62,0,28.91,2.4,107.24,24.94,0.44659
6/28/2019,97.81,22.87,33.6,88.51,48.86,0,28.42,3.94,157.21,26.29,0.43808
6/29/2019,97.75,23.89,36.39,86.94,37.82,0,30.8,3.04,164.4,27.63,0.43503
6/30/2019,97.85,24.88,36.01,84.66,38.81,0,31.07,1.83,156.71,29.11,0.43103
7/1/2019,97.85,21.47,33.03,95.7,42.76,0,31.63,1.92,151.5,29,0.42298
7/2/2019,97.72,20.55,32.62,93.1,40.18,0,30.34,2.14,165.75,28.35,0.41251
7/3/2019,97.41,22.29,33.29,87.66,41.47,0,29.54,1.88,149.9,28.79,0.4034
7/4/2019,97.27,21.15,31.54,90.39,48.09,0.25,28.97,2.43,159.59,28.48,0.39208
7/5/2019,97.46,21.2,29.91,99.73,57.24,40.39,22.14,1.85,86.6,27.32,0.44898
7/6/2019,97.86,20.04,29.11,99.11,60.45,6.35,13.39,1.76,64.14,26.56,0.45454
7/7/2019,98.06,21.34,28.49,98.57,59.56,0.25,20.16,1.82,339.41,26.25,0.45749
7/8/2019,97.86,20.42,30.79,98.57,45.16,0,30.95,0.49,68.6,28,0.44978
7/9/2019,97.55,21.88,31.27,96.32,55.05,0,25.77,2.05,90.9,28.25,0.44241
7/10/2019,97.42,19.36,33.3,98.28,49.31,4.06,29.69,0.83,157.97,28.75,0.45263
7/11/2019,97.98,18.34,29.11,99.52,42.31,6.1,24.64,2.03,287.17,27,0.46074
7/12/2019,98.02,16.47,29.38,99.32,36.51,0,31.18,0.96,246.33,26.27,0.45152
7/13/2019,97.72,16.33,30.52,99.59,38.62,0,32.27,0.78,127.02,27.34,0.44723
7/14/2019,97.83,17.97,31.73,98.91,43.52,0,30.83,0.8,130.91,28.12,0.44397
7/15/2019,97.86,19.6,32.21,95.63,48.09,0,29.38,0.71,124.63,28.86,0.43916
7/16/2019,97.59,21.09,30.05,92.6,53.55,0,30.87,1.05,114.97,29.09,0.42876
7/17/2019,97.44,19.33,33.23,97.95,46.17,0,29.18,1,151.15,29.11,0.41193
7/18/2019,97.16,25.29,37.24,84.93,34.58,0,27.91,2.61,157.13,29.65,0.38563
7/19/2019,96.99,26.25,36.42,72.93,40.99,0,28.26,3.64,164.49,29.74,0.35085
7/20/2019,97.03,25.84,36.83,72.32,41.6,0,30.06,3.25,160.44,29.99,0.3251
7/21/2019,97.05,25.29,36.83,76.07,39.42,0,29.8,3.07,160.84,30.1,0.31005
7/22/2019,97.69,20.31,29.11,94.35,57.38,0.51,8.08,3.03,23.02,27.2,0.29646
7/23/2019,98.38,15.26,27.2,94.85,36.65,0,30.41,2.94,350.4,26.33,0.29252
7/24/2019,98.59,11.98,26.45,98.81,36.11,0,31.97,1.24,90.42,25.82,0.28878
7/25/2019,98.34,11.98,28.42,97.71,37.6,0,31.64,0.89,122.41,26.14,0.28632
7/26/2019,98.05,18.1,31.68,75.3,31.87,0,25.98,2.4,155.9,26.29,0.28313
7/27/2019,98.05,20.69,32.37,68.07,31.46,0,29.61,3.16,161.02,26.8,0.28034
7/28/2019,98.04,18.24,32.96,79.53,28.87,0,29.58,2.57,162.31,27.31,0.27732
7/29/2019,97.57,22.77,33.84,87.79,36.57,0.51,26.47,3.4,165.82,27.6,0.27394
7/30/2019,97.78,17.42,31.95,94.92,23.89,0,30.8,2.02,330.61,27.65,0.26999
7/31/2019,97.99,15.12,31.67,97.78,30.64,0,27.27,1.73,80.71,27.16,0.26636
8/1/2019,97.85,20.55,32.09,83.76,39.5,0,26.95,3.86,83.59,27.55,0.2646
8/2/2019,97.93,20.69,32.22,89.35,43.86,0,19.91,3.33,80.57,27.24,0.2609
8/3/2019,97.9,20.82,24.75,99.19,81.11,20.32,5.84,1.61,66.77,25.76,NaN
8/4/2019,97.86,21.23,28.88,98.98,61.45,0,17.38,1.1,42.82,26.72,0.31969
8/5/2019,97.91,20.29,30.25,98.91,42.91,0,28.38,0.54,71.55,27.74,0.31605
8/6/2019,97.67,19.33,31.54,96.86,50.6,0,15.9,0.55,206.33,27.1,0.30509
8/7/2019,97.5,20.42,33.09,99.66,49.85,0,26.99,0.51,77.31,28.33,0.30067
8/8/2019,97.41,18.65,29.93,99.72,60.38,30.73,13.6,1.49,55.72,26.38,0.39637
8/9/2019,97.59,20.76,29.71,99.78,51.92,5.84,21.21,1.07,183.35,26.53,0.44146
8/10/2019,97.63,18.24,29.64,99.8,53.41,0,26.19,0.72,140.62,27.16,0.42826
8/11/2019,97.49,20.22,30.46,99.8,65.07,0,17.75,0.78,117.9,27.5,0.41938
8/12/2019,97.49,21,30.67,98.87,53.96,8.38,22.62,1.57,79.42,28.23,0.43777
8/13/2019,97.21,20.8,32,98.7,56.53,3.81,22.85,0.73,10.33,28.77,0.44588
8/14/2019,97.74,20.69,31.41,98.98,27.03,0,27.46,0.97,348.48,29.24,0.43419
8/15/2019,98.09,18.51,28.76,99.04,42.1,0,27.41,1.12,357.2,28.17,0.42859
8/16/2019,97.68,16.74,29.85,99.32,57.1,32.77,19.51,2.23,103.37,26.05,0.43342
8/17/2019,97.31,18.38,29.99,98.23,55.05,0,19.32,1.42,76.08,25.68,0.45978
8/18/2019,97.09,18.1,31.27,98.57,54.09,5.84,26.5,1.66,116.55,26.67,0.45513
8/19/2019,97.19,21.13,32.11,97.75,38.02,0.25,27.01,2.15,208.46,26.93,0.44708
8/20/2019,97.56,20.56,33.36,97.54,56.12,0,25.98,1.22,75.72,28.25,0.44252
8/21/2019,97.53,25.16,34.39,94.34,50.53,0,19.85,1.52,148.7,28.34,0.43666
8/22/2019,97.75,19.98,28.09,95.58,64.88,1.02,9.45,2.05,36.92,26.43,0.42917
8/23/2019,97.69,21.22,26.45,97.48,67.06,0,13.12,1.37,56.1,25.85,0.42498
8/24/2019,97.82,20.56,27.88,98.77,63.38,0,14.53,2.21,66.52,25.57,0.41986
8/25/2019,97.85,18.65,23.31,96.59,77.57,12.7,7.25,2.48,65.59,24.41,0.4135
8/26/2019,97.26,18.24,26.52,99.11,57.11,28.19,16.6,1.45,88.07,23.97,0.45943
8/27/2019,97.1,18.92,24.75,99.18,76.54,0.25,5.17,1.33,28.07,23.78,0.45038
8/28/2019,97.92,13.62,25.84,98.73,36.52,0.25,25.71,1.2,247.75,23.19,0.43843
8/29/2019,98.01,12.94,28.49,99.76,34.67,0,26.76,0.7,191.31,23.44,0.43526
8/30/2019,97.61,17.93,32.07,99.73,56.26,53.09,24.35,1.72,174.84,25.39,0.43489
8/31/2019,98.11,17.56,25.56,99.77,61.88,14.99,17.6,2.11,47.03,24.19,0.46332
9/1/2019,98.25,16.74,22.97,99.18,62.56,0,13.14,1.31,47.25,23.53,0.44517
9/2/2019,98.12,15.78,27.81,99.8,59.49,0,21.42,0.51,151.97,24.07,0.44168
9/3/2019,97.86,18.85,31.2,98.77,56.06,0,24.17,1.49,153.6,25.28,0.44026
9/4/2019,97.6,22.84,33.98,83.84,45.02,0,22.2,1.49,182.48,26.3,0.4382
9/5/2019,98.2,19.33,27.75,84.99,41.77,0,22.47,1.7,55.07,25.94,0.43228
9/6/2019,97.84,20.83,32.62,92.77,44.54,0,24.27,1.57,163.38,25.9,0.4246
9/7/2019,97.96,17.69,29.25,97.41,38.83,0,23.47,1.84,31.28,25.38,0.41428
9/8/2019,97.65,16.34,31.21,98.1,58.73,0,21.68,1.63,107,24.85,0.40392
9/9/2019,97.44,20.01,29.11,99.45,51.11,0,13.96,1.17,53.46,25.56,0.39735
9/10/2019,97.44,18.41,30.61,96.66,50.15,22.86,13.49,2.21,143.58,24.61,0.45712
9/11/2019,97.63,23.38,30.46,79.2,56.55,0,18.85,2.86,154.43,25.24,0.43989
9/12/2019,97.65,22.5,31.27,81.52,47.01,0,22.83,2.99,155.15,25.51,0.43755
9/13/2019,97.71,15.65,27.47,97.83,38.08,2.29,10.74,1.92,183.88,24.32,0.4438
9/14/2019,98.4,12.59,27.81,94.03,34.73,4.06,23.46,0.82,197.25,23.05,0.44182
9/15/2019,98.02,14.03,30.8,98.94,50.28,0,22.75,2.33,169.48,23.49,0.43765
9/16/2019,97.78,22.43,33.64,81.32,38.88,0,22.24,2.14,181.74,24.83,0.43521
9/17/2019,97.83,19.33,32.22,93.31,43.05,0,19.93,1.47,169.27,25.04,0.42924
9/18/2019,97.62,22.36,31.82,84.93,44.41,0,21.26,2.26,154.46,25.27,0.42263
9/19/2019,97.53,22.16,32.48,82.75,43.85,0,22.25,2.13,158.38,25.38,0.41458
9/20/2019,97.61,19.19,32.28,97.2,45.49,0,17.59,1.04,142.2,25.33,0.40663
9/21/2019,97.58,21.24,25.7,91.48,69.11,0,10.13,2.17,133.4,24.46,0.39971
9/22/2019,97.34,20.79,29.93,88,55.88,0,13.02,3.33,157.61,24.49,0.39575
9/23/2019,97.51,13.41,23.65,99.59,56.97,5.08,13.23,1.65,272.06,23.15,0.44327
9/24/2019,97.92,11.09,28.15,99.76,32.76,2.54,22.75,0.83,171.18,21.95,0.43388
9/25/2019,97.22,16.33,29.78,98.91,57.92,0,14.86,1.88,160.12,22.75,0.43467
9/26/2019,97.35,17.22,28.15,97.95,29.56,0,20.09,2.1,17.03,22.99,0.43341
9/27/2019,97.5,13.48,26.52,83.84,31.47,0,16.47,1.65,96.76,21.63,0.42733
9/28/2019,96.59,19.19,32.48,92.49,38.68,0,20.56,3.02,194.91,23.01,0.42496
9/29/2019,97.58,14.56,19.47,99.73,62.81,2.54,3.19,3.08,36.21,20.61,0.41481
9/30/2019,97.41,17.01,31.28,99.8,56.35,2.54,17.94,3.14,137.37,22.55,0.41743
10/1/2019,97.32,23.25,32.83,86.29,46.59,0,16.13,3.99,158.56,23.8,0.41699
10/2/2019,97.29,17.83,31.9,99.32,51.44,14.73,15.12,3.14,175.76,24.12,0.41732
10/3/2019,97.65,12.05,17.97,98.8,80.38,3.81,5.32,2.14,318.29,21.57,0.42151
10/4/2019,98.64,9.39,16.47,86.66,55.51,0,12.45,2.06,352.64,18.93,0.41416
10/5/2019,98.49,10.61,14.98,97.3,78.33,14.48,3.34,2.35,61.8,17.42,0.42951
10/6/2019,97.64,7.64,22.98,99.35,36.24,19.05,15.26,2.42,205.71,18.42,0.45947
10/7/2019,98.42,6.21,20.45,99.9,25.88,0,12.47,0.88,217.82,16.7,0.45659
10/8/2019,98.58,3.34,22.5,99.83,23.35,0.25,20.58,0.93,190.73,16,0.45015
10/9/2019,97.85,8.67,23.25,80.22,32.56,0,19.74,2.43,152.79,16.27,0.43632
10/10/2019,97.17,12.8,20.26,92.39,54.7,5.59,11.6,3.29,127.24,16.91,0.43722
10/11/2019,97.22,3,22.15,94.64,64.65,0,6.89,3.66,241.18,16.23,0.43876
10/12/2019,98.48,-1.48,8.63,94.29,31.64,0,19.05,3.19,255.89,11.75,0.42877
10/13/2019,97.79,-3.25,21.75,94.73,13.26,0,19.65,1.67,212.35,11.45,0.42554
10/14/2019,97.67,-0.8,19.7,99.62,23.42,0,19.56,0.71,162.36,12.26,0.42496
10/15/2019,97.47,1.66,25.02,99.35,33.92,0,18.64,1.64,143.85,13.25,0.42474
10/16/2019,97.83,5.05,17.89,99.76,25.41,0,18.1,2.88,299.71,13.8,0.42305
10/17/2019,98.32,2.66,15.85,92.79,37.5,0,18.09,1.32,238.41,12.57,0.41737
10/18/2019,97.39,3.02,24.75,96.25,26.42,0,18.03,1.94,152.22,13.15,0.41356
10/19/2019,96.67,12.25,24.88,91.98,35.83,1.27,17.54,3.32,141.37,14.43,0.40949
10/20/2019,97.05,4.77,20.38,95.46,30.45,0.51,17.75,1.3,277.95,14.72,0.4042
10/21/2019,96.75,4.5,19.4,99.15,45.56,8.89,8.55,2.15,134.49,13.59,0.40105
10/22/2019,96.71,6.96,13.34,70.39,44.47,0,6.8,4.93,238.77,11.87,0.39862
10/23/2019,97.75,4.36,16.6,82.75,23.71,0,17.37,2.99,237.16,10.85,0.39631
10/24/2019,97.59,6.96,18.7,87.11,33.06,0,12.64,2.35,240.7,11.8,0.39705
10/25/2019,98.94,3.55,8.91,81.8,41.6,0,13.87,3.59,353.43,10.94,0.39281
10/26/2019,98.72,-2.71,13.33,99.08,30.13,0,17.01,1.03,158.54,10.15,0.38826
10/27/2019,97.26,-3.8,17.74,98.55,23.03,0,16.86,1.15,174.13,9.75,0.38421
10/28/2019,97.75,1.58,8.7,94.83,59.26,0,6.97,3.63,335.34,9.3,0.38028
10/29/2019,98.26,-1.76,3.82,88.41,50.1,0,3.9,3.26,330.15,7.94,0.37465
10/30/2019,98.61,-3.8,3.07,94.87,61.03,0,6.53,2.43,12.53,7.23,0.37067
10/31/2019,98.7,-3.26,1.64,93.54,54.65,0,3.67,4.49,320.16,6.14,0.36641
11/1/2019,98.58,-9.12,6.45,91.16,24.68,0.76,16.14,2.54,209.13,5.6,0.36399
11/2/2019,98.53,-1.07,11.57,93.34,30.55,0,13.88,2.24,224.93,6.04,0.36334
11/3/2019,98.8,-3.8,12.04,93.09,27.88,0,15.55,2.4,196.85,6.22,0.36252
11/4/2019,97.76,1.84,18.23,70.32,24.59,0,14.96,3.08,184.65,7.41,0.36293
11/5/2019,98.13,3,11.71,90.95,46.86,0,8.11,2.2,340.2,8.52,0.36247
11/6/2019,98.66,-2.78,14.69,99.42,35.59,0,14.45,1.2,158.47,8.19,0.35898
11/7/2019,98.55,-0.25,17.66,97.92,43.74,0,13.31,3.36,319.07,8.13,0.35608
11/8/2019,99.58,-8.02,4.09,86.56,22.37,0,15.06,3.15,342.54,5.81,0.34831
11/9/2019,98.86,-9.38,8.5,89.31,21.61,0,10.15,2.85,175.28,4.54,0.34382
11/10/2019,97.78,-1.35,23.72,85.68,17.7,0,13.89,2.39,197,6.47,0.34577
11/11/2019,97.75,0.29,15.51,97.37,39.41,0,13.65,3.85,15.5,7.58,0.34561
11/12/2019,99.55,-11.02,0.75,83.26,40.84,0,6.67,6.1,323.4,3.69,0.33508
11/13/2019,99.34,-14.97,0.27,87.74,23.67,0,14.18,2.63,172.02,1.56,0.32886
11/14/2019,97.85,-4.21,6.41,80.49,32.14,0,7.11,3.07,201.32,2.69,0.33227
11/15/2019,98.84,-3.73,9.59,89.64,37.17,0,13.39,1.56,270.78,4.09,0.33509
11/16/2019,98.74,-5.7,15.99,96.34,27.4,0,13.37,1.57,152.61,4.25,0.33469
11/17/2019,97.99,3.27,17.96,61.86,26.23,0,11.85,3.04,130.53,5.86,0.33747
11/18/2019,97.78,-0.8,13.12,90.19,37.43,0,12.78,2.94,259.94,7.06,0.33913
11/19/2019,97.05,-1.48,20.25,91.97,28.41,0,8.21,2.74,243.22,7.13,0.33787
11/20/2019,97.44,-0.39,19.7,90.53,22.74,0,12.37,1.45,153.36,7.4,0.33674
11/21/2019,96.96,11.02,18.51,92.23,43.86,3.3,5.32,4.67,148.41,9.25,0.33969
11/22/2019,97.96,0.69,18.24,92.77,69.98,1.27,2.99,4.92,310.07,8.5,0.33824
11/23/2019,98.39,-2.85,0.69,97.64,71.74,0.25,2.39,2.39,321.87,5.44,0.33158
11/24/2019,97.69,-4.76,5.78,96.91,63.59,4.06,12.37,2.22,215.97,5.46,0.33332
11/25/2019,97.06,-1.62,15.99,96.55,34.49,0,12.37,2,205.78,5.08,0.33425
11/26/2019,96.7,0.5,14.35,95.52,25.42,0,11.51,2.33,319.71,5.52,0.33628
11/27/2019,96.18,0.63,5.53,94.84,64.05,0.25,2.84,4.72,20.32,5.22,0.33656
11/28/2019,98.43,-3.33,4.88,89.51,45.77,0,11.94,3.58,270.79,3.95,0.33477
11/29/2019,98.98,-2.03,0.84,98.93,74.06,4.83,1.82,2.14,65.97,3.55,0.33675
11/30/2019,97.89,0.77,5.53,98.66,86.92,1.52,2.24,2.64,86.18,4.81,0.34379
12/1/2019,96.14,0.81,12.38,98.12,31.71,0,11.37,6.67,195.91,5.78,0.34977
12/2/2019,97.6,-2.58,1.98,78.53,55.51,0,4.1,6.98,281.85,3.33,0.34635
12/3/2019,98.28,-6.18,9.25,86.56,19.49,0,11.43,1.78,203.9,2.56,0.34576
12/4/2019,97.54,-2.85,15.37,83.77,27.6,0,11.1,2.2,230.32,3.34,0.34862
12/5/2019,97.7,-2.3,15.03,94.57,32.86,0,9.98,1.46,202.45,3.96,0.35074
12/6/2019,97.51,-3.94,16.91,96.91,34.54,0,10.58,1.44,271.46,4.51,0.35253
12/7/2019,98.88,-4.34,5.63,82.54,38.05,0,11.11,2.99,315.52,4.38,0.35254
12/8/2019,98.31,-5.84,13.87,92.85,24.94,0,11.2,2.7,178.29,3.32,0.3505
12/9/2019,96.95,1.09,10.61,92.18,56.66,0,5.02,1.44,187.97,4.79,0.35357
12/10/2019,97.46,-9.12,4.64,99.9,44.03,0,10.49,3.8,266.25,2.97,0.35002
12/11/2019,98.75,-9.52,0.68,85.49,34.6,0,9.28,1.56,232.45,1.05,0.3453
12/12/2019,98.67,-7.34,11.16,82.05,27.41,0,10.76,2.24,179.85,1.49,0.34565
12/13/2019,97.87,-1.21,11.5,95.52,48.43,0,8.03,3.72,185.48,3.92,0.35071
12/14/2019,97.28,-2.99,12.58,98.94,39,0,8.8,1.79,247.89,3.85,0.35039
12/15/2019,97.65,-4.56,3.41,83.76,54.13,0,5.89,3.35,347.69,3.52,0.34931
12/16/2019,97.82,-5.98,-4.35,93.75,64.77,0,2.83,2.99,21.27,2.38,0.34612
12/17/2019,98.43,-13.07,-3.4,95.07,78.02,1.78,6.09,1.99,322.05,3.01,0.34685
12/18/2019,98.79,-13.07,-0.21,94.52,63.22,4.06,10.86,1.58,189.11,2.85,0.34613
12/19/2019,98.62,-14.3,5.09,95.21,45.69,0,11.04,1.74,176.01,2.49,0.345
12/20/2019,98.24,-2.58,10,63.53,29.04,0,10.87,2.42,177.03,2.48,0.34575
12/21/2019,98.47,-3.67,9.66,92.58,38.87,0,8.88,2.89,170.85,2.79,0.36039
12/22/2019,98.7,-6.04,8.36,95.8,50.61,0,10.96,1.62,184.44,1.85,0.36578
12/23/2019,98.3,-1.14,14.08,98.12,32.79,0,10.92,2.15,184.51,2.86,0.3685
12/24/2019,97.77,-2.44,15.99,98.53,31.97,0,9.49,1.58,189.23,2.97,0.36948
12/25/2019,97.15,5.32,18.51,66.7,27.4,0,7.42,3.63,167.48,4.62,0.37295
12/26/2019,96.8,2.32,18.44,84.46,33.06,0,10.08,4.1,176.42,6.27,0.3762
12/27/2019,98.02,-5.3,2.45,96.61,71.43,0,2.74,2.39,293.21,4.36,0.37273
12/28/2019,98.29,-7.89,6.28,95.25,67.86,0,6.05,2,70.18,2.78,0.36963
12/29/2019,96.69,5.05,13.41,99.84,72.23,20.83,0.72,1.91,78.21,5.71,0.40444
12/30/2019,96.57,-1.35,5.25,96.69,62.85,0.25,2.36,5.51,238.02,4.5,0.43267
12/31/2019,97.42,-1.21,2.45,71.67,53.11,0,4.12,6.09,261.81,2.36,0.42342
1/1/2020,97.83,-3.73,5.84,89.79,40.13,0,11.04,3.43,224.48,1.63,0.41329
1/2/2020,96.47,-6.25,11.77,95.45,39.15,0,11.06,3.65,188.35,1.9,0.40691
1/3/2020,96.48,1.02,12.03,93.69,48.21,0,8.34,2.41,268.14,3.88,0.40847
1/4/2020,97.69,-3.26,8.02,97.98,33.75,0,11.23,3.29,261.16,3.46,0.40449
1/5/2020,98.35,-5.98,8.16,80.39,27.75,0,11.25,2.96,197.45,2.28,0.40137
1/6/2020,98.43,-6.38,10.48,86.69,29.45,0,11.62,3.12,238.12,2.85,0.40158
1/7/2020,98.35,-6.66,9.45,92.55,36.42,0,8.23,2.09,204.82,2.21,0.39968
1/8/2020,98.45,-4.48,13.07,84.45,23.51,0,11.38,2.23,210.35,2.03,0.39873
1/9/2020,97.81,-3.53,14.98,83.49,21.67,0,10.47,4.27,110.88,2.4,0.39874
1/10/2020,97.04,0.16,12.52,81.58,35.18,0,9.63,4.69,181.58,4.78,0.40178
1/11/2020,97.82,-7.75,3.29,95.66,71.04,11.68,0.73,2.62,354.59,2.66,0.40841
1/12/2020,98.14,-11.84,-3.6,91.21,67.69,0,13.54,0.61,301.44,0.33,0.41134
1/13/2020,98,-9.79,-0.46,97.3,87.4,0,1.66,0.62,114.28,0.03,0.33059
1/14/2020,97.87,-3.67,4.09,99.83,91.42,4.32,3.43,1.01,106.09,0.16,0.37257
1/15/2020,97.89,1.09,8.29,99.9,64.68,0,9.31,1.97,35.35,1.2,0.40757
1/16/2020,98.45,-9.53,7.23,99.9,56.19,0,5.07,3.51,336.82,2.72,0.41124
1/17/2020,99.98,-12.66,-3.94,72.91,49.95,0,8.16,3.58,29.5,0.46,0.39613
1/18/2020,98.07,-4.01,3.55,99.83,58.89,13.46,1.2,2.32,110.1,0.24,0.39762
1/19/2020,98.61,-5.71,4.09,99.83,36.58,0.25,12.36,4.17,262.06,0.29,0.41213
1/20/2020,99.67,-11.02,-2.43,84.07,42.89,0,12.42,2.75,332.07,0,0.35285
1/21/2020,99.8,-12.79,-4.76,83.33,44.53,0,12.11,2.37,25.63,-0.56,0.20282
1/22/2020,99.01,-14.5,2.93,85.01,48.46,0,10.67,2.74,117.11,-0.84,0.18168
1/23/2020,97.47,0.29,3,98.47,63.63,13.46,1.68,4.11,163.81,-0.14,0.20865
1/24/2020,97.48,-1.89,2.45,99.42,86.9,0.25,1.69,3.18,272.95,-0.07,0.22959
1/25/2020,97.96,-4.89,0.08,96.38,77.46,1.27,3.94,3.43,271.72,-0.04,0.25005
1/26/2020,97.98,-7.41,3.68,97.23,71.96,0,7.96,0.72,135.56,-0.02,0.29341
1/27/2020,97.73,-3.4,11.84,97.71,48.84,0,10.28,1.03,205.01,0.03,0.39011
1/28/2020,97.92,-3.12,3.89,98.53,69.43,0.25,8.39,2.39,5.7,0.08,0.4045
1/29/2020,98.1,-1.48,0.7,93.88,82.33,0,1.62,2.77,13.82,0.14,0.40946
1/30/2020,98.26,-2.3,2.86,98.26,72.3,1.27,6.49,0.79,351.53,0.39,0.41392
1/31/2020,98.05,-1.89,3.61,95.8,71.62,0,3.07,1.98,158.77,1.44,0.41636
2/1/2020,97.91,-2.98,7,97.03,42.49,0,9.93,2.53,232.92,1.67,0.41166
2/2/2020,97.74,-5.57,14.29,96.13,34.1,0,13.72,2.53,201.84,1.71,0.40605
2/3/2020,96.98,0.77,20.79,88.14,22.13,0,14.43,1.66,212.23,3.67,0.40674
2/4/2020,96.68,-0.25,8.74,90.28,57.41,0,2.62,3.66,353.71,3.02,0.40416
2/5/2020,97.95,-3.19,-0.12,73.92,37.08,0,3.23,5.44,359.88,1.23,0.39913
2/6/2020,97.77,-7.95,-1.69,93.13,50.68,0,3.19,3.18,358.02,0.56,0.39256
2/7/2020,96.75,-10.89,5.43,94.22,32.18,0,15.3,1.1,194.87,0.27,0.38744
2/8/2020,97.3,-3.66,3.27,90.05,46.76,0,10.44,2.47,279.68,0.37,0.38943
2/9/2020,97.98,-8.97,8.43,93.13,37.99,0,15.48,2.28,138.25,0.61,0.39026
2/10/2020,97.7,-1.76,6.28,77.43,56.09,0,10.26,3.44,307.07,1.56,0.39341
2/11/2020,98.34,-6.31,6.66,92.3,34.1,0,13.38,1.11,262.68,1.53,0.39272
2/12/2020,98.53,-1.35,7.06,75.29,31.64,0,12.07,1.59,242.91,2.03,0.39299
2/13/2020,97.64,-10.76,2.25,98.26,54.78,8.13,4.23,2.08,243.31,1.55,0.39335
2/14/2020,99.19,-16.07,-8.32,77.06,40.29,0,17.19,2.88,319.03,0.16,0.38687
2/15/2020,98.91,-16.75,-1.6,80.76,38.26,0,10.87,2.38,150.98,-0.29,0.23884
2/16/2020,97.92,-3.66,10.96,94.44,36.42,0,15.5,1.91,184.97,-0.13,0.21635
2/17/2020,97.75,-4.75,11.69,96.17,52.25,0,14.59,0.97,178.68,-0.03,0.2857
2/18/2020,97.38,0.81,15.51,92.32,33.67,0,10.28,2.78,274.65,2.3,0.39712
2/19/2020,98.87,-4.34,6.52,85.2,34.64,0,15.43,2.89,336.93,2.54,0.39716
2/20/2020,99.4,-6.59,5.73,94.63,36.23,0,8.47,2.64,46.45,1.66,0.39312
2/21/2020,100.17,-9.46,-0.01,84.75,34.67,0,18.34,3.11,341.93,0.86,0.39113
2/22/2020,99.39,-10.75,7.82,90.83,38.26,0,18.56,3.3,184.37,0.48,0.38828
2/23/2020,98.13,0.29,13.68,80.84,40.51,0,13.09,3.68,178.28,2.02,0.3908
2/24/2020,97.5,3.27,14.28,90.68,50.05,0,7.46,1.55,137.72,4.19,0.39389
2/25/2020,97.07,2.45,9.11,96.48,43.55,10.92,6.65,3.61,354.86,5,0.42391
2/26/2020,97.96,-0.18,5.12,84.45,39.31,0,5.77,4.55,354.23,3.32,0.42734
2/27/2020,98.9,-5.02,3.68,78.16,25.51,0,19.33,4.09,287.37,2.02,0.41665
2/28/2020,98.29,-5.43,10.07,94.98,36.82,0.51,12.61,2.86,230.52,2.3,0.41107
2/29/2020,98.37,-2.17,14.21,96,25.49,0.25,19.12,2.93,223.23,3.35,0.41134
3/1/2020,97.73,-4.27,20.79,95.15,18.92,0,19.09,3.59,161.38,4.31,0.41099
3/2/2020,96.93,4.23,18.75,75.72,28.2,0,15.27,3.06,250.04,6.59,0.41252
3/3/2020,97.25,0.7,12.17,75.68,38.25,0,16.69,2.4,305.46,6.04,0.41013
3/4/2020,97.23,-1.07,16.81,86.02,18.32,0,20.36,2.61,207.47,5.99,0.40866
3/5/2020,97.85,-0.12,16.53,85.13,16.07,0,17.3,2.34,199.43,6.49,0.40791
3/6/2020,98.6,2.73,13.94,71.17,12.59,0,21.21,4.63,273.51,6.07,0.40563
3/7/2020,99.3,-6.59,14.62,93.4,15.18,0,20.67,1.94,147.25,5.51,0.40314
3/8/2020,98.34,5.18,21.27,42.32,11.29,0,19.51,5.7,163.1,6.8,0.4031
3/9/2020,97.65,8.43,20.93,96.21,36.92,11.18,17.96,7.33,165.53,8.52,0.40354
3/10/2020,97.74,1.63,12.53,97.71,79.34,22.35,2.06,3.79,254.91,8.68,0.43919
3/11/2020,98.48,0.56,10.2,95.46,68.63,0,10.75,1.9,80.94,7.06,0.44187
3/12/2020,97.64,2.45,18.95,99.45,39.75,0.25,20.74,1.76,160.63,8.78,0.44342
3/13/2020,97.17,4.91,16.06,88.7,47.32,0,15.45,3.84,324.17,9.76,0.44019
3/14/2020,98.74,1.1,6.41,92.1,38.49,4.83,5.63,2.99,45.57,7.19,0.42901
3/15/2020,98.89,1.04,3.48,96.82,80.7,3.81,4.03,3.81,38.26,5.43,0.4352
3/16/2020,99.3,0.02,2.86,94.98,73.87,0.25,4.16,2.85,55.73,4.86,0.43704
3/17/2020,98.51,1.57,7,98.47,78.06,3.81,5.81,1.65,28.12,5.71,0.43819
3/18/2020,98.42,3.89,9.25,95.18,66.72,0,7.28,2.83,51.43,6.99,0.43945
3/19/2020,97.4,7.61,17.45,99.59,63.66,0.25,11.77,1.6,86.81,9.43,0.44063
3/20/2020,96.78,4.36,24.27,99.76,21.38,3.05,19.09,4.6,157.31,12.39,0.44245
3/21/2020,99.23,-4.56,4.5,84.94,25.58,0,24.04,5.41,335.51,7.22,0.43416
3/22/2020,99.14,-6.79,10.14,88.2,24.81,0,19.4,2.03,96.28,6.14,0.42944
3/23/2020,98.13,2.18,8.1,99.28,69.16,8.64,3.03,1.57,83.44,6.68,0.43443
3/24/2020,97.96,2.45,15.24,99.9,55.24,0.25,20.22,1.93,102.4,9.13,0.44371
3/25/2020,97.44,6.82,14.96,97.58,63.63,0,9.06,1.98,70.26,10.03,0.44393
3/26/2020,96.92,6.21,24.2,99.42,38.22,0,20.75,3.06,157.08,11.38,0.44309
3/27/2020,96.74,10.07,13.48,94.1,75.6,0,3.75,2.73,13.4,11.29,0.439
3/28/2020,96.63,9.73,13.34,98.94,82.83,0.25,3.82,1.96,357.37,11.18,0.43896
3/29/2020,96.36,6.82,17.97,99.83,36.54,0,17.3,6.1,220.52,11.34,0.43882
3/30/2020,97.85,4.09,19.7,80.98,18.86,0,25.13,3.83,225.23,10.32,0.43427
3/31/2020,98.09,1.11,21.75,91.83,20.97,0,19.43,2.63,129.08,10.72,0.43099
4/1/2020,97.82,6,19.97,96.21,32.63,0,22.62,2.64,208.23,11.98,0.43047
4/2/2020,97.22,6.62,23.65,91.77,22.95,0,23.11,4.2,148.82,12.69,0.42818
4/3/2020,97.26,-2.44,19.26,91.01,53.06,0,6.19,4.21,175.68,12.11,0.42393
4/4/2020,98.42,-3.88,4.71,94.09,53.65,0.51,19.36,4.39,323.23,7.28,0.41349
4/5/2020,98.34,-2.58,9.8,85.95,40.58,0,17.95,2.53,25.43,7.68,0.41119
4/6/2020,97.89,0.02,14.69,92.24,52.92,0,15.04,2.48,102.99,9.4,0.41114
4/7/2020,97.2,11.64,22.84,86.66,53.09,0,14.25,4.43,162.2,12.56,0.4125
4/8/2020,96.94,12.53,30.2,95.67,17.56,0,25.36,2,187.84,15.14,0.41101
4/9/2020,97.23,7.92,29.59,89.38,11.56,0,26.01,3.3,296.64,14.59,0.40147
4/10/2020,98.16,1.91,15.78,65.54,14.57,0,24.22,3.94,325.04,12.24,0.38799
4/11/2020,98.01,-5.02,16.2,79.72,20.72,0,19.04,2.27,150.21,10.42,0.37719
4/12/2020,96.45,9.93,27.68,78.71,25.88,0,26.16,4.42,173.59,13.21,0.37413
4/13/2020,96.86,-0.8,17.42,95.8,53.49,0.76,2.77,5.56,339.67,11.45,0.36253
4/14/2020,98.56,-5.15,7.75,83.05,16.35,0,25.04,2.93,291.09,7.91,0.35231
4/15/2020,98.46,-2.03,11.43,63.81,14.85,0,25.35,3.12,205.73,8.74,0.35053
4/16/2020,98.07,-2.3,13.94,82.13,20.78,0,25.12,1.75,39.43,9.86,0.34771
4/17/2020,98,0.09,8.77,94.36,42.91,8.13,4.75,4.7,33.95,8.76,0.34194
4/18/2020,98.3,-0.12,9.8,95.73,37.92,1.78,20.66,2.98,318.53,8.07,0.34431
4/19/2020,97.47,2.07,18.44,83.49,27.87,0,27.93,3.84,177.06,9.82,0.3475
4/20/2020,97.15,8.37,19.98,93.49,32.29,2.03,20.75,2.31,46.97,11.79,0.35096
4/21/2020,97.28,8.71,21.54,92.73,21.04,8.13,26.77,2.64,239.12,12.88,0.35718
4/22/2020,97.71,3.55,23.38,88.63,21.1,0,27.73,1.53,119.42,13.91,0.35857
4/23/2020,97.09,12.12,16.48,96.96,42.63,6.6,4.71,1.85,116.65,13.71,0.36159
4/24/2020,96.74,11.3,26.79,99.22,17.29,0.25,26,1.28,225.04,16.34,0.37686
4/25/2020,97.05,10.07,17.97,97.17,60.16,30.73,5.01,2.4,319.16,14.71,0.40632
4/26/2020,97.88,7.37,19.6,96.15,35.68,1.02,22.76,1.93,313.32,14.13,0.4422
4/27/2020,98.08,4.13,21.78,98.77,24.82,0,22.08,1.81,128.24,14.8,0.44266
4/28/2020,97.53,13.11,25.94,76.56,39.28,0,27.9,3.22,143.53,16.91,0.43718
4/29/2020,97.16,11.06,23.69,89.66,27.89,1.02,12.63,2.78,247.5,16.46,0.42668
4/30/2020,97.74,9.83,19.63,70.78,35.07,0,22.38,4.89,287.62,14.31,0.42035
5/1/2020,97.77,5.9,24.17,91.39,22.71,0,29.82,1.2,189,16.14,0.41927
5/2/2020,97.12,14.74,29.14,90.51,37.98,0,18.8,2.16,175.71,17.32,0.41578
5/3/2020,97.53,11.19,27.1,98.16,27.41,0,19.77,3.62,20.52,17.44,0.40963
5/4/2020,97.71,13.92,25.12,62.73,28.5,0,28.89,2.67,41.92,18.59,0.40331
5/5/2020,97.37,10.51,16.23,99.8,44.44,27.18,8.25,3.14,19.23,16.07,0.42579
5/6/2020,98.05,7.95,21.71,93.44,19.23,0,31.11,3.56,275.57,15.44,0.43885
5/7/2020,98.57,6.17,18.45,93.72,33.23,0,29.61,1.97,288.74,15.9,0.42398
5/8/2020,97.94,4.67,15.39,96.45,63.17,5.84,6.84,1.83,87.22,14.4,0.4185
5/9/2020,98.44,2.39,15.51,97.72,24.26,0,31.85,3.32,325.45,14.41,0.42733
5/10/2020,98.52,0.5,16.94,98.53,30.54,0,20.69,2.06,203.83,13.91,0.42142
5/11/2020,98.87,1.91,15.65,81.05,23.44,0,31.76,2.83,298.41,13.77,0.41728
5/12/2020,98.87,2.12,9.18,93.41,42.01,2.29,6.25,0.88,107.06,12.72,0.41178
5/13/2020,98.29,5.12,11.5,95.32,65.36,0.25,9.46,2.38,67.05,12.29,0.41
5/14/2020,97.38,8.63,21.82,96.48,63.11,1.27,10.06,3.13,120.47,13.84,0.41162
5/15/2020,97.02,15.71,27.06,98.23,49.34,0.25,21.18,1.94,146.4,17.98,0.41622
5/16/2020,97.47,15.12,22.7,99.08,61.54,0.25,13.72,2.28,53.98,17.94,0.41221
5/17/2020,97.39,15.1,24.27,98.26,53.56,0,14.57,1.28,70.97,18.71,0.41084
5/18/2020,97.55,11.98,21.06,93.07,41.77,0,21.21,3.42,287.11,17.44,0.40482
5/19/2020,97.63,10.34,22.29,84.2,40.47,0,24.25,2.81,324.17,17.57,0.39884
5/20/2020,97.65,7.1,21.75,98.74,48.65,0,20.42,1.2,66.39,17.76,0.39294
5/21/2020,97.65,9.26,21.13,99,58.81,0,17.9,2.18,84.35,17.9,0.38766
5/22/2020,97.46,11.16,21.61,98.81,69.93,0,10.45,2.2,84.31,18.02,0.38272
5/23/2020,97.09,14.7,24.06,97.13,53.22,15.24,19.93,2.85,156.46,19.68,0.39706
5/24/2020,97.09,15.44,28.36,90.17,52.47,0,27.15,2.05,155.81,21.46,0.40096
5/25/2020,97.03,16.87,27.47,98.64,50.56,81.03,20.08,2.45,123.94,22.37,0.40335
5/26/2020,97.24,15.92,21,98.5,76.75,18.29,10.27,1.69,265.29,20.52,0.45763
5/27/2020,97.21,14.78,19.06,98.12,83.21,36.83,6.78,1.98,274.19,19.31,0.45605
5/28/2020,97.41,14.16,22.02,99.76,60.86,0,14.28,1.1,338.97,19.92,0.4531
5/29/2020,97.7,17.15,26.66,97.88,42.52,0.51,22.67,1.73,298.87,21.51,0.44846
5/30/2020,98.34,10.82,27,93.21,27.92,0,30.98,0.76,264.38,21.84,0.43781
5/31/2020,98.35,12.25,26.18,98.12,41.77,0,23.79,2.06,82.88,22.02,0.43093
6/1/2020,98.26,16.19,28.02,83.28,40.88,0,26.23,2.56,113.71,22.58,0.42575
6/2/2020,97.87,18.65,30.13,78.57,43.33,0,30.5,3.42,165.27,23.34,0.41909
6/3/2020,97.58,19.6,31.56,81.17,43.8,0,30.37,2.88,171.33,24.57,0.41092
6/4/2020,97.24,21.34,34.05,91.34,46.72,0,24.06,1.29,194.47,25.73,0.40271
6/5/2020,97.04,16.7,31.76,99.59,53.02,19.05,30.92,1.3,127.38,25.89,0.45274
6/6/2020,97.35,20.94,33.37,90.79,39.36,4.57,29.3,1.45,123.09,27.37,0.44775
6/7/2020,97.44,22.17,33.84,87.96,43.32,0,29.13,1.73,140.17,27.88,0.43808
6/8/2020,97.16,22.02,33.2,83.5,35.49,0,31.48,2.77,139.62,27.56,0.4285
6/9/2020,96.82,21.24,32.24,87.85,45.18,0,27.12,2.03,116.63,26.85,0.41752
6/10/2020,96.04,15.92,32.93,97.47,27.79,3.81,26.74,2.55,119.63,26.5,0.40744
6/11/2020,97.5,12.25,24.47,94.98,29.63,11.68,30.72,3.85,273.63,22.33,0.42196
6/12/2020,98.42,11.16,31.43,96.48,23.49,0,31,1.42,196.17,23.71,0.41497
6/13/2020,98.38,17.01,33.03,83.35,29.82,0,31.74,1,168.3,25.81,0.40983
6/14/2020,97.95,17.02,33.73,84.65,25.19,0,31.28,2.05,125.85,26.37,0.40051
6/15/2020,97.93,20.15,33.95,72.43,28.33,0,30.52,2.7,149.2,26.31,0.38815
6/16/2020,98.14,20.15,33.54,78.98,23.9,0,31.67,2.5,150.02,26.57,0.37579
6/17/2020,98,20.76,33.87,74.48,32.15,0,30.76,2.42,136.86,26.91,0.36463
6/18/2020,97.57,21.51,34.34,83.55,34.19,0,31.11,3.37,138.13,27.35,0.35613
6/19/2020,97.35,21.98,33.6,86.18,39.24,6.86,28.03,3.38,133.17,27.4,0.34891
6/20/2020,97.77,18.65,23.65,97.88,72.11,36.32,8.22,1.11,19.6,24.83,0.37545
6/21/2020,97.57,17.28,29.72,99.05,43.61,0,29.67,0.92,189.62,25.79,0.41119
6/22/2020,97.24,18.51,26.72,97.82,47.97,1.02,8.22,1.51,158.54,24.8,0.40279
6/23/2020,97.35,16.74,30.06,98.84,35.83,9.14,29.92,1.68,296.12,25.08,0.40717
6/24/2020,97.73,15.94,28.29,96.45,40.4,0,30.76,1.38,306.98,25.02,0.42438
6/25/2020,97.56,14.98,29.93,98.74,38.42,0,31.24,0.97,69.48,26.05,0.41425
6/26/2020,97.43,17.97,34.63,86.35,29.28,0,30.58,2.62,139.5,26.65,0.40692
6/27/2020,97.4,22.85,34.67,75.67,36.11,0,19.12,2.33,163.82,26.48,0.39783
6/28/2020,97.13,18.51,30.61,98.29,46.61,29.97,26.6,1.69,88.81,26.99,0.44205
6/29/2020,96.59,22.3,33.34,95.43,53.29,5.59,25.41,2.96,141.36,27.58,0.44435
6/30/2020,96.68,23.52,32.79,85.48,53.36,0,25.64,3.04,139.24,27.62,0.43652
7/1/2020,96.7,24.06,33.47,86.84,53.35,0,27.29,2.57,121.49,28.1,0.43256
7/2/2020,97.21,21.34,30.68,86.29,59.43,0,26.4,3.02,61.39,28.11,0.4257
7/3/2020,97.65,22.7,31.7,93.74,57.31,0,26.44,2.27,58.87,28.37,0.4188
7/4/2020,97.85,19.32,30.06,96.41,55.54,14.99,20.72,1.27,313.95,27.05,0.43577
7/5/2020,97.74,20.42,31.09,99.39,50.84,0,28.23,1.49,44.79,27.82,0.42741
7/6/2020,97.65,21.85,31.84,97.53,45.58,0,25.73,1.31,70.35,28.22,0.42287
7/7/2020,97.71,20.83,31.83,96.52,47.56,0,21.74,0.53,99.62,28.24,0.41787
7/8/2020,97.61,20.01,34.2,98.29,36.36,0,29,0.73,158.7,28.87,0.41292
7/9/2020,97.27,21.89,34.2,86.03,39.91,0,30.75,2.14,142.92,29.01,NaN
7/10/2020,97.41,17.66,30,97.61,48.65,35.05,26.04,2.03,313.51,26.48,0.45628
7/11/2020,97.79,19.33,32.25,98.29,41.63,0,30.42,1.19,123.09,28.12,0.44157
7/12/2020,97.7,21.37,32.92,95.08,51.11,0,21.89,1.38,272.61,27.89,0.43259
7/13/2020,97.69,16.19,30.68,98.43,36.79,0,30.85,1.1,346.49,27.19,0.42735
7/14/2020,97.35,19.6,32.52,88.54,37.33,0,30.2,1.84,127.81,27.58,0.42194
7/15/2020,97.26,22.31,32.17,92.13,54.24,0.51,23.54,1.73,59.33,28.25,0.41615
7/16/2020,97.58,19.6,29.25,98.36,53.56,34.54,24.41,1.49,2.88,27.76,0.45894
7/17/2020,97.87,20.83,30.75,95.43,55.33,0,25.11,1.23,86.23,28.06,0.45662
7/18/2020,97.66,22.98,34.4,90.81,51.5,0,22.79,1.48,146.81,28.39,0.44737
7/19/2020,97.29,25.56,35.89,81.38,44.26,0,25.9,3.27,164.54,28.44,0.443
7/20/2020,97.67,21.91,31.42,93.7,52.4,0,26.75,1.54,73.31,28.75,0.43713
7/21/2020,97.62,19.33,29.11,97.2,62.09,62.48,15.76,2.18,81.05,26.51,0.45587
7/22/2020,97.63,20.42,30.06,98.91,52.68,10.16,19.29,0.86,313.09,26.4,0.464
7/23/2020,97.77,19.06,31.09,98.64,54.11,0,28.9,0.78,76.49,27.91,0.45868
7/24/2020,97.84,22.71,33.06,89.29,45.11,0,28.06,1.09,131.65,28.74,0.44864
7/25/2020,97.83,22.18,33.2,97.32,53.15,0,25.84,1.39,146.49,28.69,0.4445
7/26/2020,97.73,23.12,33.2,88.08,50.08,0,26.53,1.87,154.04,28.67,0.4392
7/27/2020,97.76,21.97,34.4,96.15,45.97,1.52,27.3,2.13,164.97,28.72,0.4304
7/28/2020,97.88,21.56,27.81,97.95,67.06,8.64,14.59,1.01,53.37,27.48,0.43387
7/29/2020,97.66,21.31,30.54,99.79,53.43,0,19.43,1.06,76.03,27.59,0.43557
7/30/2020,97.3,21.75,27.47,99.32,72.25,63.5,13.02,1.18,95.49,27.04,0.4494
7/31/2020,97.37,20.63,25.91,98.09,72.11,25.91,9.51,2.43,334.05,25.6,0.46346
8/1/2020,97.76,18.79,27.34,97.95,51.18,0,24,1.67,324.95,25.28,0.46338
8/2/2020,97.76,16.74,29.11,98.84,41.22,0.51,26.65,0.84,244,25.8,0.45476
8/3/2020,97.89,17.56,26.45,96.66,37.74,0,27.68,2.18,299.3,25.17,0.44403
8/4/2020,98.19,13.21,24.75,99.35,45.52,0,27.01,1.24,60.41,24.31,0.43826
8/5/2020,98.19,11.23,23.45,99.28,37.2,0,24.53,1.06,87.91,23.2,NaN
8/6/2020,97.88,14.78,28.16,88.02,46.2,0,28.1,1.53,116.84,23.93,0.42572
8/7/2020,97.67,18.65,29.93,93.88,57.79,0,19.42,1.4,131.2,24.9,0.41927
8/8/2020,97.54,21.58,30.61,94.06,61.95,0,22.92,2.33,112.13,25.82,0.41173
8/9/2020,97.48,23.59,35.13,91.61,44.26,0,27.05,2.09,141.35,27.36,0.40185
8/10/2020,97.43,22.03,32.11,91.23,48.24,2.29,20.84,2.39,161.44,26.97,0.39006
8/11/2020,97.46,23.25,30.75,91.54,49.81,0,19.31,1.71,71.28,26.98,0.38468
8/12/2020,97.6,21.77,32.78,98.76,48.44,0,24.34,1.13,72.43,27.79,NaN
8/13/2020,97.66,19.6,30.13,98.36,53.97,0,15.76,1.56,107.1,26.65,0.37287
8/14/2020,97.63,19.95,32.18,96.45,44.02,0.51,24.24,1.15,81.1,27.08,0.36921
8/15/2020,97.54,20.22,33.81,99.32,48.52,0,25.16,1.26,101.86,27.78,0.36474
8/16/2020,97.92,18.24,30.95,91.61,37.06,0,26.95,1.65,36.13,27.83,0.35952
8/17/2020,98.18,15.66,27.68,96.55,45.72,22.86,12.38,1.19,145.27,24.9,0.35419
8/18/2020,98.27,16.87,28.97,97.54,37.67,0.25,28.23,1.36,281.42,25.39,0.36483
8/19/2020,98.15,14.3,28.02,99.76,45.93,0,19.36,0.43,134.85,24.65,0.36269
8/20/2020,97.92,14.16,28.77,96.28,37.4,0,27.39,1.05,113.33,24.57,0.36121
8/21/2020,97.56,16.19,30.75,91.13,34.74,0,27.2,1.02,139.29,24.83,0.35895
8/22/2020,97.41,16.74,31.91,95.36,38.15,0,26.3,1.59,173.51,24.97,0.35592
8/23/2020,97.49,16.61,33.06,97.15,35.69,0,25.81,1.23,178.92,25.18,0.35303
8/24/2020,97.7,18.92,35.08,81.71,29.75,0,25.58,1.54,188.31,25.55,0.35055
8/25/2020,97.86,18.44,34.4,90.65,30.92,0,26.32,1.53,176.31,25.81,0.34759
8/26/2020,97.78,18.24,34.88,85.6,27.78,0,25.75,1.52,163.68,25.77,0.34379
8/27/2020,97.47,19.06,34.56,89.76,29.42,0,26.14,2.17,164.2,25.98,0.34038
8/28/2020,97.26,17.97,34,91.81,38.15,0,25.75,1.25,161.48,26.65,0.33779
8/29/2020,97.12,20.29,35.14,95.7,30.63,0,24.99,0.84,107.34,27.28,0.33555
8/30/2020,97.58,16,26.18,98.02,41.56,18.29,17.36,1.74,28.85,25.46,0.33995
8/31/2020,97.04,14.44,29.86,99.62,48.59,0,23.73,1.42,120.1,24.75,0.33996
9/1/2020,97.08,18.1,24.81,98.02,50.29,0,16.71,2.96,35.15,24.36,0.33747
9/2/2020,97.16,18.65,27.34,96.72,61.27,0,16.12,1.52,325.14,24.38,0.33602
9/3/2020,97.38,16.33,30.81,99.8,41.56,0,22.24,0.88,157.89,24.73,0.33459
9/4/2020,97.66,12.25,27.88,98.09,23.97,0,24.74,2.42,253.3,23.95,0.33075
9/5/2020,98.32,8.73,30.88,98.45,23.29,0,25.07,0.76,134.99,22.78,0.32542
9/6/2020,98.35,16.74,34.75,92.9,35.01,0,23.46,1.79,166.74,24.67,0.32707
9/7/2020,97.4,23.39,36.6,76.22,31.32,0,22.57,4.73,170.56,25.45,0.32605
9/8/2020,96.95,18.65,35.64,92.63,33.78,0,21.68,2.96,76.03,25.53,0.32299
9/9/2020,97.91,7.64,18.79,95.94,53.39,0.51,3,5.72,8.74,20.08,0.30889
9/10/2020,98.6,7.23,10.14,97.23,85.7,21.84,3.44,3.8,354.63,16.5,0.30062
9/11/2020,98.77,8.46,13.07,98.6,80.24,11.68,7.81,2.74,338.88,16.3,0.32416
9/12/2020,98.28,11.43,15.99,98.81,78.44,0.76,7.08,1.07,227.61,17.75,0.32696
9/13/2020,97.71,8.99,23.65,99.8,51.38,0.25,20.95,1.43,205.58,18.99,0.33032
9/14/2020,98.24,9.13,27.75,99.82,39.11,0,24.03,0.49,133.76,19.8,0.3313
9/15/2020,98.65,9.73,25.77,99.83,44.97,0,22.65,0.97,119.04,20.13,0.33089
9/16/2020,98.27,10.55,28.43,99.76,45.79,0,19.87,0.99,161.45,20.46,0.33094
9/17/2020,98.07,13.34,28.77,98.4,34.74,0,19.84,0.94,311.01,21.33,0.33108
9/18/2020,98.35,11.47,23.79,94.2,38.42,0,18.57,1.11,39.96,20.45,0.32695
9/19/2020,98.6,8.57,23.21,99.32,38.73,0,19.66,1.31,88.54,19.09,0.32193
9/20/2020,98.4,10.51,24.78,94.88,44.73,0,17.76,1.67,103,19.03,0.32009
9/21/2020,98.34,10.38,25.87,92.76,39.96,0,18.76,1.77,131.34,18.89,0.3184
9/22/2020,98.35,7.95,27.64,98.5,37.1,0,20,1.56,157.75,18.88,0.31671
9/23/2020,98.12,11.81,25.8,97.75,48.62,0,18.35,1.58,159.37,19.86,0.31697
9/24/2020,97.8,14.27,25.05,98.43,53.32,0,10.38,1.65,167.1,20.65,0.31736
9/25/2020,97.32,13.24,30.64,98.29,41.46,0,20.21,2.33,167.87,20.59,0.31581
9/26/2020,97.07,16.64,33.1,92.32,32.12,0,20.8,2.76,165.47,21.78,0.31654
9/27/2020,96.75,19.77,34.73,81.88,23.46,0,18.79,4.22,169.82,22.44,0.3161
9/28/2020,97.43,11.26,23.29,97.75,32.48,30.99,2.61,2.82,350.11,19.45,NaN
9/29/2020,98.05,6.79,20.18,87.51,25.79,0,18.5,3.13,268.28,16.14,0.31372
9/30/2020,97.79,4.19,24.51,95.97,18.14,0,21.33,2.04,202.11,15.54,0.3122
10/1/2020,97.79,8.43,23.28,83.27,17.93,0,20.93,2.75,284.91,15.87,0.31282
10/2/2020,98.7,3.99,17.66,92.21,26.75,0,21.38,2.62,272.75,14.52,0.30977
10/3/2020,98.32,0.6,20.96,98.22,23.87,0,19.86,1.53,140.04,14.31,0.30846
10/4/2020,98,4.81,18.27,95.49,40.46,0,19.93,2.67,288.94,14.95,0.30954
10/5/2020,98.56,1.22,20.35,98.97,34.5,0,20.04,1.32,127.01,14.57,0.30741
10/6/2020,97.8,9.78,26.42,69.69,26.05,0,18.2,3.39,169.43,15.5,0.30811
10/7/2020,97.79,7.4,29.21,97.95,22.78,0,19.57,0.91,202.5,16.64,0.30921
10/8/2020,97.69,12.01,34.19,95.7,20.87,0,18.32,1.43,202.64,17.9,0.31061
10/9/2020,97.74,10.92,30.51,97.88,31.09,0,18.15,2.2,139.04,18.53,0.31073
10/10/2020,97.22,17.45,29.21,76.29,42.14,0,17.39,4.03,163.59,19.53,0.31172
10/11/2020,97.29,13.79,28.87,99.59,47.87,0,15.61,1.17,165.85,20.05,0.31167
10/12/2020,96.75,14.54,30.64,98.29,39.28,0,17.84,3.63,152.06,19.9,0.31061
10/13/2020,97.71,8.89,22.39,77.23,16.02,0,19.25,3.11,238.51,17.96,0.30585
10/14/2020,97.94,8.91,24.78,62.39,23.39,0,18.36,1.95,173.73,16.82,0.30154
10/15/2020,97.12,12.08,26.14,55.02,22.78,0,17.36,3.74,240.03,17.19,0.30106
10/16/2020,98.43,1.01,15.29,83.39,19.72,0,17.54,3.12,305.57,15.6,0.29639
10/17/2020,98.52,-1.38,17.05,91.05,18.49,0,16.26,1.87,180.99,13.54,0.29025
10/18/2020,97.32,8.6,20.78,75.91,27.36,0,12.64,4.51,178.4,14.49,0.29076
10/19/2020,98.39,3.78,11.19,74.18,35.59,0,6.83,4.81,11.34,12.71,0.28519
10/20/2020,98.28,4.67,8.33,61.2,44.47,0,6.04,2.67,37.76,11.9,0.28158
10/21/2020,97.96,4.4,11.74,96.17,59.43,0,6.09,1.45,113.72,12.25,0.28118
10/22/2020,97.95,1.69,9.69,99.8,85.6,0.76,2.83,1.78,56.35,11.28,0.27812
10/23/2020,97.26,3.24,28.12,99.89,45.55,5.59,9.18,4.77,173.4,13.99,0.28409
10/24/2020,98.78,1.69,5.42,93.72,57.38,1.27,5.63,5.11,326.57,9.41,0.27559
10/25/2020,98.44,0.87,3.72,78.4,62.98,0,3.84,2.43,40.99,8.35,0.27264
10/26/2020,98.47,-1.72,3.37,94.87,73.22,0,1.37,3.92,347.22,7.26,0.27184
10/27/2020,99.06,-5.06,-1.45,93.37,55.23,0,3.88,4.06,345.37,4.9,0.26717
10/28/2020,98.74,-2.82,2.35,88.17,49.04,0.76,5.98,1.29,301.6,5.59,0.26927
10/29/2020,97.83,-3.5,8.98,95.7,38.24,0,6.2,1.45,36.05,6.43,0.27156
10/30/2020,98.12,-0.7,9.62,88.17,33.17,0,15.4,3.72,321.53,7.41,0.27445
10/31/2020,98.23,-2.61,22.67,96.38,28.09,0,15.42,1.47,187.88,8,0.27612
11/1/2020,97.96,7.13,19.9,63.72,32.68,0,15.08,4.38,212.97,10.06,0.28101
11/2/2020,99.41,-1.38,12.75,74.5,16.92,0,15.33,1.77,287.7,8.66,0.27845
11/3/2020,98.76,-2.2,21.78,84.9,27.82,0,15,2.23,211.04,8.38,NaN
11/4/2020,97.95,3.32,27.03,95.82,16.91,0,14.96,2.45,193.16,10.07,0.28161
11/5/2020,97.86,9.04,22.8,78.21,32.8,0,10.93,2.47,180.05,11.74,0.2853
11/6/2020,98.21,5.7,24.37,93.03,33.82,0,14.06,0.98,210.64,11.45,0.2846
11/7/2020,97.97,2.55,23.28,99.07,49.64,0,13.95,2.69,168.85,11.68,0.28472
11/8/2020,97.6,13.11,24.03,84.16,43.91,0,13.68,4.96,157.07,13.91,0.28942
11/9/2020,97.34,13.99,24.23,87.65,43.5,0,11.45,5.36,146.95,14.79,0.29119
11/10/2020,97.17,3.72,22.01,96.99,61.41,0.25,3.22,4.79,162.32,15.54,NaN
11/11/2020,97.34,-3.08,3.85,97.4,62.84,16.51,5,3.47,262.98,9.5,0.28637
11/12/2020,97.95,-4.03,15.68,96.62,25.79,0,13.78,1.05,211.18,7.54,0.28141
11/13/2020,98.07,-4.92,13.43,89.16,41.56,0,12.43,2.04,306.61,7.91,0.28245
11/14/2020,98.31,-7.58,10.24,94.66,25.8,0,13.1,1.64,129.12,5.84,0.27799
11/15/2020,96.52,6.04,19.89,85.66,19.93,0,12.02,5.44,195.41,8.82,0.28463
11/16/2020,98.06,-0.22,12.56,69.95,13.79,0,12.47,3.85,235.67,7.41,0.2821
11/17/2020,98.56,-1.04,18.61,76.97,16.03,0,12.99,2.3,220.05,6.88,0.28089
11/18/2020,97.79,NaN,NaN,NaN,NaN,0,8.92,2.02,146.15,6.87,0.28121
11/19/2020,97.87,9.97,22.8,44.78,23.25,0,11.76,6.4,167.04,9.32,0.28663
11/20/2020,97.48,8.5,23.35,91.8,30.84,0,11.58,4.37,180.76,11.44,0.29158
11/21/2020,98.79,3.72,17.45,100,36.57,0,11.48,2.72,20.71,9.96,0.28887
11/22/2020,99.09,4.74,10.24,91.94,38.5,1.02,2.68,3.14,40.72,8.96,0.28655
11/23/2020,98.95,-2.8,12.75,95.63,23.27,0,11.95,1.92,263.33,8.36,0.28529
11/24/2020,98.34,-4.84,8.63,98.56,71.99,6.6,1.04,2.09,96.7,6.13,0.28085
11/25/2020,96.98,5.36,13.52,100,69.81,19.3,1.26,3.36,134.36,8.77,0.28988
11/26/2020,97.46,-2.88,5.42,100,74.93,21.59,4.12,3.2,277.03,6.54,0.29957
11/27/2020,97.75,-4.03,13.44,100,53.24,0,10.62,1.64,15.53,5.37,0.29686
11/28/2020,98.58,-1.45,11.45,99.18,27.16,0,10.91,1.62,297.27,6.43,0.30124
11/29/2020,98.36,-3.76,13.51,97.91,33.3,0,11.34,2.32,191.35,5.24,0.30112
11/30/2020,98.53,-2.88,7.13,79.64,39.21,0,8.82,4.67,284.34,5.44,0.3032
12/1/2020,98.68,-7.24,5.96,84.53,27.59,0,11.45,2.03,229.11,2.93,0.29985
12/2/2020,97.84,-5.94,10.1,85.58,31.54,0,10.97,1.42,103.12,2.62,0.29973
12/3/2020,98.6,-3.35,8.87,87.11,36.38,0,8.6,1.63,25.04,3.1,0.30171
12/4/2020,98.55,-3.21,7.51,92.17,44.78,0,8.39,1.84,297.28,3.42,0.30317
12/5/2020,98.12,-3.76,12.76,94.72,31.26,0,10.79,1.52,212.09,2.82,0.30292
12/6/2020,98.36,-2.87,10.17,92.79,40.55,0,10.61,2.09,247.45,3.03,0.30392
12/7/2020,98.25,-5.26,8.67,99.83,52.01,0,10.52,1.52,272.68,2.93,0.30429
12/8/2020,98.17,-5.19,13.91,99.5,33.03,0,10.88,1.6,214.11,2.85,0.30456
12/9/2020,98.12,-5.39,16.09,89.53,23.47,0,10.45,1.62,197.56,3.15,0.30546
12/10/2020,97.77,0.19,21.85,82.01,18.68,0,10.3,0.94,202.86,4.18,0.30781
12/11/2020,97.37,-3.35,19.39,100,24.96,0,10.16,1.57,314.21,4.55,0.30894
12/12/2020,97.18,0.94,5.97,98.98,62.43,0.76,2.29,3.01,307.89,4.97,0.30981
12/13/2020,97.86,-1.59,1.29,97.47,79.69,0.76,2.68,3.57,312.7,3.95,0.30848
12/14/2020,98.63,-8.13,1.87,97.33,59.49,0,8.99,2.11,305.56,3.03,0.30671
12/15/2020,98.71,-10.85,3.51,97.55,44.33,0,8.57,1.52,101.38,1.34,0.30333
12/16/2020,98.26,-5.39,-1.59,94.49,70.95,0,3.17,2.42,44.19,1.03,0.30224
12/17/2020,97.96,-5.8,1.53,98.22,66.81,0,3.99,1.45,197.08,1.29,0.30247
12/18/2020,98,-6.89,10.92,98.63,39.59,0,10.21,1.31,195.64,0.94,0.30176
12/19/2020,97.58,0.87,12.15,79.43,39.32,0,8.97,4.65,182.61,2.85,0.30503
12/20/2020,98.11,-5.67,6.29,95.04,40.96,0,10.24,1.8,228.58,1.94,0.30372
12/21/2020,97.56,-0.77,12.29,86.53,27.85,0,9.78,2.65,204.56,2.55,0.30451
12/22/2020,97.93,-2,15.95,78.61,20.13,0,9.89,2.39,224.49,3.56,0.30638
12/23/2020,97.32,-3.49,19.64,94.09,21.36,0,9.36,4.52,158.47,4.02,0.30749
12/24/2020,97.09,-5.12,14.61,80.86,46.17,0,4.33,7.59,254.24,4.65,0.30901
12/25/2020,98.27,-10.03,-0.98,80.6,42.79,0,9.11,2.55,275.87,1.2,0.30232
12/26/2020,98.09,-12.48,10.17,89.12,31.81,0,10.27,1.57,195.42,0.47,0.29975
12/27/2020,97.26,-7.31,17.39,98.22,14.6,0,9.57,1.69,171.47,1.42,0.30127
12/28/2020,97.31,-3.22,8.47,81.89,36.54,0,8.63,2.7,268.83,2.16,0.30275
12/29/2020,99.02,-5.25,2.62,89.47,51.64,0,6.54,1.38,351.3,1.91,0.30224
12/30/2020,98.01,-1.45,1.15,100,63.7,24.89,0.6,2.69,44.96,1.87,0.31529
12/31/2020,98.3,-7.24,2.28,97.47,53.28,0,9.04,2.42,260.66,1.62,0.32944